"Rk","School","G","W","L","W-L%","SRS","SOS","W","L","W","L","W","L","Tm.","Opp.","FG","FGA","FG%","3P","3PA","3P%","FT","FTA","FT%","ORB","TRB","AST","STL","BLK","TOV","PF","season"
"1","Abilene Christian","30","11","19",".367","-19.41","-3.31","2","11","11","5","0","14","2158","2169","717","1612",".445","235","580",".405","489","655",".747","295","979","388","213","70","433","626","S"
"2","Air Force","28","11","17",".393","-4.10","2.17","5","12","8","9","3","8","1857","1952","637","1464",".435","207","618",".335","376","539",".698","246","895","394","158","89","376","519","S"
"3","Akron","31","20","11",".645","1.88","-0.06","12","6","14","4","6","7","2098","2038","726","1696",".428","219","637",".344","427","683",".625","382","1090","348","206","132","414","552","S"
"4","Alabama A&M","27","12","15",".444","-13.89","-9.01","9","8","7","4","5","11","1738","1842","586","1435",".408","168","513",".327","398","609",".654","257","896","339","164","109","354","591","S"
"5","Alabama-Birmingham","30","18","12",".600","1.57","-0.39","7","9","13","7","5","5","2196","2100","774","1860",".416","149","499",".299","499","748",".667","496","1344","381","163","125","390","521","S"
"6","Alabama State","28","17","11",".607","-12.17","-11.17","11","6","12","2","5","9","2024","1967","709","1667",".425","160","550",".291","446","665",".671","385","1021","370","184","104","348","511","S"
"7","Alabama","30","12","18",".400","7.99","9.03","6","11","12","7","0","11","2031","2024","694","1566",".443","171","511",".335","472","684",".690","297","978","333","202","135","359","578","S"
"8","Albany (NY)","29","15","14",".517","-5.10","-5.86","9","7","9","3","6","11","1891","1869","643","1477",".435","136","384",".354","469","629",".746","301","993","323","156","90","372","506","S"
"9","Alcorn State","29","11","18",".379","-14.95","-8.19","8","9","9","5","2","13","1870","1975","652","1548",".421","130","419",".310","436","666",".655","273","895","263","173","111","338","543","S"
"10","American","30","18","12",".600","0.97","-3.70","13","5","10","3","8","9","1934","1794","698","1411",".495","192","507",".379","346","490",".706","220","903","458","184","105","422","535","S"
"11","Appalachian State","30","9","21",".300","-15.14","-6.94","5","11","7","8","2","13","2034","2152","719","1730",".416","151","500",".302","445","697",".638","392","1091","327","187","83","362","597","S"
"12","Arizona State","30","21","9",".700","15.25","7.92","10","7","17","3","4","6","2267","2047","764","1685",".453","244","625",".390","495","717",".690","255","1084","428","158","176","343","579","S"
"13","Arizona","30","28","2",".933","24.32","8.78","15","2","20","0","8","2","2222","1756","792","1691",".468","156","437",".357","482","729",".661","389","1170","456","174","130","314","495","S"
"14","Arkansas-Little Rock","29","14","15",".483","-5.44","-0.29","9","8","8","6","6","9","2035","2128","695","1636",".425","141","442",".319","504","689",".731","320","1046","328","173","113","393","617","S"
"15","Arkansas-Pine Bluff","29","12","17",".414","-14.45","-5.48","10","7","6","5","6","12","1824","2051","614","1495",".411","178","519",".343","418","635",".658","288","878","324","271","70","445","570","S"
"16","Arkansas State","29","18","11",".621","0.90","-3.10","10","7","11","3","7","8","2195","2036","720","1606",".448","255","668",".382","500","680",".735","259","992","386","197","76","355","505","S"
"17","Arkansas","30","21","9",".700","16.19","5.65","10","7","18","4","3","5","2441","2125","833","1860",".448","229","618",".371","546","756",".722","359","1090","472","264","168","350","621","S"
"18","Army","30","15","15",".500","-5.24","-4.41","10","8","8","7","7","8","2174","2178","776","1745",".445","231","674",".343","391","560",".698","333","1007","419","184","131","384","553","S"
"19","Auburn","28","13","15",".464","5.51","5.44","5","12","12","7","1","8","2019","2017","684","1562",".438","160","520",".308","491","686",".716","309","963","327","178","121","338","605","S"
"20","Austin Peay","30","12","18",".400","-10.54","-5.82","6","10","9","7","3","11","2287","2368","797","1632",".488","158","459",".344","535","804",".665","298","999","444","206","156","471","517","S"
"21","Ball State","28","5","23",".179","-9.18","1.48","2","15","5","9","0","14","1847","2068","609","1505",".405","190","593",".320","439","637",".689","362","1043","357","128","67","471","572","S"
"22","Baylor","30","20","10",".667","15.51","9.97","8","9","16","5","4","5","2251","2035","767","1694",".453","229","590",".388","488","736",".663","438","1180","459","157","167","365","523","S"
"23","Belmont","32","24","8",".750","2.80","-2.56","14","2","15","1","9","7","2573","2373","882","1741",".507","285","714",".399","524","719",".729","267","985","504","218","75","414","665","S"
"24","Bethune-Cookman","31","7","24",".226","-16.59","-7.18","5","11","5","6","2","18","1964","2177","662","1655",".400","209","584",".358","431","602",".716","358","974","302","193","77","399","661","S"
"25","Binghamton","29","7","22",".241","-15.33","-5.92","4","12","3","10","4","12","1798","2071","577","1505",".383","176","549",".321","468","673",".695","302","939","273","180","59","412","580","S"
"26","Boise State","30","19","11",".633","9.35","5.03","9","8","14","5","5","6","2305","2099","800","1737",".461","234","614",".381","471","625",".754","332","1034","359","177","55","301","575","S"
"27","Boston College","30","8","22",".267","3.60","9.15","4","13","5","12","3","10","2059","2203","671","1498",".448","237","668",".355","480","650",".738","250","894","377","126","85","342","559","S"
"28","Boston University","32","23","9",".719","2.28","-2.35","15","3","12","5","11","4","2303","2155","818","1809",".452","263","716",".367","404","562",".719","309","1085","443","223","61","385","540","S"
"29","Bowling Green State","30","12","18",".400","-2.14","0.45","6","11","8","9","4","9","1891","1913","696","1636",".425","113","388",".291","386","606",".637","321","1059","361","234","168","431","528","S"
"30","Bradley","32","12","20",".375","-2.38","0.02","7","11","11","9","1","11","2036","2113","721","1720",".419","154","479",".322","440","628",".701","356","1064","306","226","84","383","635","S"
"31","Brigham Young","31","21","10",".677","13.06","5.79","13","5","16","3","5","7","2635","2393","915","1939",".472","166","445",".373","639","935",".683","401","1271","506","225","97","349","599","S"
"32","Brown","27","15","12",".556","-1.36","-4.48","7","6","8","4","7","8","1907","1785","679","1568",".433","178","475",".375","371","561",".661","303","1072","358","154","125","354","536","S"
"33","Bryant","32","18","14",".563","-3.90","-4.55","10","6","11","5","7","9","2351","2304","840","1788",".470","201","602",".334","470","669",".703","308","1095","420","207","93","397","568","S"
"34","Bucknell","30","16","14",".533","-0.79","-2.62","11","7","8","6","8","8","1977","1922","698","1627",".429","196","502",".390","385","516",".746","287","1067","357","138","49","321","500","S"
"35","Buffalo","27","18","9",".667","3.88","-1.58","12","5","12","3","6","6","1980","1818","678","1511",".449","166","509",".326","458","643",".712","332","999","402","184","128","349","503","S"
"36","Butler","29","13","16",".448","7.49","7.99","3","14","9","9","4","7","2004","1959","710","1660",".428","170","531",".320","414","619",".669","326","1007","322","173","78","290","498","S"
"37","Cal Poly","28","10","18",".357","-1.80","2.12","6","9","7","6","3","12","1777","1804","628","1531",".410","181","545",".332","340","496",".685","313","908","330","171","79","262","522","S"
"38","Cal State Bakersfield","30","12","18",".400","-4.63","-4.01","5","11","7","8","5","10","2084","2059","724","1648",".439","210","531",".395","426","624",".683","355","1042","372","198","107","417","670","S"
"39","Cal State Fullerton","29","11","18",".379","-4.43","-0.68","6","9","8","7","3","11","1959","2068","686","1601",".428","175","525",".333","412","628",".656","299","979","319","134","52","349","560","S"
"40","Cal State Northridge","32","15","17",".469","-4.94","-2.97","7","9","12","3","3","14","2461","2490","813","1784",".456","139","370",".376","696","886",".786","350","1131","437","233","90","412","658","S"
"41","California-Davis","30","9","21",".300","-10.43","-1.29","4","11","8","9","1","12","2128","2334","731","1648",".444","241","668",".361","425","611",".696","245","861","365","155","70","364","590","S"
"42","California-Irvine","31","21","10",".677","4.81","0.19","12","3","11","4","10","6","2219","2013","816","1719",".475","177","499",".355","410","647",".634","327","1190","491","176","193","392","576","S"
"43","California-Riverside","29","10","19",".345","-6.75","-2.05","5","10","8","7","2","12","2007","2077","700","1596",".439","127","422",".301","480","683",".703","297","987","333","189","130","382","562","S"
"44","California-Santa Barbara","28","20","8",".714","6.05","0.78","11","4","12","3","8","5","2028","1836","690","1480",".466","195","511",".382","453","634",".715","291","997","447","145","131","313","530","S"
"45","California","30","18","12",".600","11.09","7.96","9","8","12","6","6","6","2194","2100","792","1737",".456","169","484",".349","441","648",".681","318","1086","454","160","134","311","526","S"
"46","Campbell","32","12","20",".375","-14.12","-7.40","6","10","9","8","3","12","2164","2291","771","1747",".441","278","795",".350","344","508",".677","345","1049","454","193","140","427","572","S"
"47","Canisius","31","20","11",".645","1.76","-2.01","14","6","11","4","9","7","2418","2319","827","1809",".457","243","630",".386","521","704",".740","344","1034","389","213","119","360","563","S"
"48","Central Arkansas","28","8","20",".286","-15.61","-5.42","5","12","7","8","1","12","2104","2275","764","1712",".446","187","510",".367","389","648",".600","317","961","360","240","134","405","614","S"
"49","Central Connecticut State","30","11","19",".367","-12.85","-5.82","7","9","5","9","6","10","2117","2318","781","1794",".435","169","504",".335","386","538",".717","316","1036","391","207","146","420","557","S"
"50","Central Florida","29","12","17",".414","2.14","5.18","4","14","10","7","2","10","2101","2130","750","1704",".440","202","598",".338","399","649",".615","410","1103","372","200","118","397","520","S"
"51","Central Michigan","30","10","20",".333","-8.17","-2.28","3","15","8","8","2","12","2186","2216","745","1714",".435","239","745",".321","457","645",".709","321","939","357","226","36","317","548","S"
"52","Charleston Southern","31","13","18",".419","-5.34","-5.82","6","10","8","6","5","12","2523","2242","859","1876",".458","302","789",".383","503","689",".730","366","1160","424","202","88","334","565","S"
"53","Charlotte","29","16","13",".552","-0.43","-0.60","7","9","13","5","3","8","2070","2065","739","1658",".446","170","483",".352","422","644",".655","359","1109","400","181","75","428","525","S"
"54","Chattanooga","31","18","13",".581","-10.05","-7.62","12","4","13","3","5","10","2368","2298","790","1805",".438","202","600",".337","586","829",".707","410","1159","365","226","158","416","598","S"
"55","Chicago State","30","12","18",".400","-10.63","-1.73","7","8","8","5","4","13","2103","2318","744","1770",".420","209","613",".341","406","603",".673","301","934","330","257","75","364","685","S"
"56","Cincinnati","30","25","5",".833","16.31","5.05","14","3","19","2","6","3","2081","1743","715","1675",".427","173","525",".330","478","666",".718","409","1094","380","242","167","332","529","S"
"57","Citadel","32","7","25",".219","-17.33","-6.68","2","14","7","9","0","16","2160","2385","747","1734",".431","205","569",".360","461","639",".721","288","1065","437","136","93","401","614","S"
"58","Clemson","29","19","10",".655","11.12","5.12","10","7","15","3","4","7","1818","1644","632","1523",".415","148","491",".301","406","554",".733","342","1048","296","138","171","320","457","S"
"59","Cleveland State","31","21","10",".677","5.34","-0.15","12","4","12","3","9","7","2285","2054","795","1681",".473","228","557",".409","467","626",".746","324","1054","445","187","106","391","610","S"
"60","Coastal Carolina","31","19","12",".613","-6.20","-7.13","11","5","13","5","6","7","2257","2133","788","1815",".434","196","586",".334","485","697",".696","411","1224","331","204","82","442","613","S"
"61","Colgate","31","13","18",".419","-2.10","-3.67","6","12","7","8","6","10","2158","2083","785","1622",".484","260","657",".396","328","459",".715","220","954","440","143","70","355","529","S"
"62","College of Charleston","31","14","17",".452","-1.36","-1.60","6","10","9","8","5","9","1957","1936","686","1657",".414","203","590",".344","382","583",".655","379","1176","313","145","131","402","575","S"
"63","Colorado State","30","16","14",".533","4.25","2.61","7","10","14","6","2","8","2203","2074","723","1679",".431","159","483",".329","598","826",".724","378","1127","386","152","93","275","546","S"
"64","Colorado","30","21","9",".700","12.76","8.96","10","7","16","3","5","6","2183","2069","713","1614",".442","159","498",".319","598","827",".723","350","1130","361","193","107","402","509","S"
"65","Columbia","30","19","11",".633","2.71","-1.91","8","5","15","3","4","8","2053","1893","653","1462",".447","240","627",".383","507","657",".772","253","992","357","153","89","373","561","S"
"66","Connecticut","30","24","6",".800","16.47","5.84","12","5","17","3","7","3","2204","1885","745","1653",".451","218","554",".394","496","647",".767","302","1058","381","221","184","332","540","S"
"67","Coppin State","29","10","19",".345","-10.79","-4.11","7","9","5","9","5","10","2009","2179","653","1677",".389","213","662",".322","490","662",".740","338","970","336","173","61","340","492","S"
"68","Cornell","27","2","25",".074","-15.54","0.53","1","12","2","10","0","15","1730","2126","631","1532",".412","183","579",".316","285","428",".666","280","853","289","110","73","327","563","S"
"69","Creighton","29","23","6",".793","20.14","7.66","13","4","15","2","8","4","2309","1947","794","1616",".491","299","715",".418","422","559",".755","251","1010","518","124","43","290","513","S"
"70","Dartmouth","27","11","16",".407","-4.92","-2.92","4","9","8","7","3","9","1836","1803","652","1469",".444","167","439",".380","365","536",".681","295","903","341","158","84","325","536","S"
"71","Davidson","30","19","11",".633","1.10","-3.45","15","1","9","7","10","4","2340","2166","815","1701",".479","249","651",".382","461","652",".707","289","993","411","161","52","351","603","S"
"72","Dayton","30","21","9",".700","9.73","4.13","9","6","13","4","8","5","2208","2040","771","1663",".464","194","520",".373","472","687",".687","364","1059","394","176","83","369","606","S"
"73","Delaware State","29","9","20",".310","-12.28","-5.65","5","11","7","8","2","12","1786","1881","629","1482",".424","151","475",".318","377","549",".687","285","907","360","148","99","340","519","S"
"74","Delaware","31","22","9",".710","2.89","-1.11","14","2","10","2","12","7","2455","2331","831","1884",".441","226","659",".343","567","810",".700","356","1149","330","185","112","301","591","S"
"75","Denver","29","15","14",".517","2.21","0.18","8","6","9","6","6","8","1925","1861","667","1441",".463","242","619",".391","349","484",".721","204","758","444","209","101","289","586","S"
"76","DePaul","31","11","20",".355","2.12","7.89","3","15","8","11","3","9","2168","2347","742","1747",".425","184","539",".341","500","734",".681","383","1061","346","210","137","426","679","S"
"77","Detroit Mercy","32","13","19",".406","-2.83","0.17","6","10","8","7","5","12","2275","2267","778","1863",".418","191","595",".321","528","724",".729","399","1174","370","235","146","408","681","S"
"78","Drake","31","15","16",".484","-0.44","1.36","6","12","10","7","5","9","2116","2115","720","1592",".452","239","603",".396","437","612",".714","263","1009","395","171","67","370","571","S"
"79","Drexel","29","16","13",".552","2.00","0.18","8","8","9","4","7","9","1983","1930","688","1642",".419","147","475",".309","460","648",".710","307","1040","341","128","108","247","605","S"
"80","Duke","30","23","7",".767","21.09","8.39","12","5","18","1","5","6","2380","1999","804","1734",".464","275","697",".395","497","687",".723","353","1043","447","212","98","291","579","S"
"81","Duquesne","28","12","16",".429","0.77","1.16","4","11","6","10","6","6","2055","2066","695","1580",".440","201","555",".362","464","689",".673","302","984","421","166","80","313","501","S"
"82","East Carolina","31","16","15",".516","-3.36","-2.25","5","11","13","6","3","9","2271","2185","742","1680",".442","259","710",".365","528","739",".714","326","1066","428","198","100","357","535","S"
"83","East Tennessee State","33","18","15",".545","-6.13","-6.07","10","8","13","5","5","10","2533","2514","823","1913",".430","262","719",".364","625","836",".748","339","1147","405","253","98","394","661","S"
"84","Eastern Illinois","30","11","19",".367","-11.61","-4.28","7","9","7","8","4","11","2030","2206","703","1598",".440","152","476",".319","472","660",".715","315","971","359","171","144","399","576","S"
"85","Eastern Kentucky","32","23","9",".719","-0.19","-5.62","11","5","15","3","8","6","2529","2258","836","1708",".489","292","754",".387","565","753",".750","230","839","467","283","63","342","665","S"
"86","Eastern Michigan","30","18","12",".600","3.76","1.87","10","7","14","3","4","9","2005","1839","678","1641",".413","138","465",".297","509","756",".673","360","1093","319","261","183","368","578","S"
"87","Eastern Washington","30","15","15",".500","-4.58","-3.51","10","9","11","3","4","12","2284","2247","790","1732",".456","248","662",".375","456","666",".685","319","1104","410","140","128","367","582","S"
"88","Elon","31","18","13",".581","-3.46","-4.03","11","5","11","4","7","9","2328","2215","814","1736",".469","251","664",".378","449","617",".728","278","1052","431","155","90","373","558","S"
"89","Evansville","33","14","19",".424","-2.81","1.51","6","12","10","8","4","11","2290","2383","775","1672",".464","144","398",".362","596","830",".718","276","1057","485","166","124","423","623","S"
"90","Fairfield","32","7","25",".219","-7.32","-0.76","4","16","5","12","2","13","2030","2240","697","1753",".398","220","660",".333","416","607",".685","356","1134","360","141","117","469","734","S"
"91","Fairleigh Dickinson","31","10","21",".323","-10.79","-3.61","6","10","6","7","4","14","2157","2358","742","1766",".420","226","636",".355","447","621",".720","328","980","339","209","122","364","660","S"
"92","Florida A&M","30","13","17",".433","-11.93","-7.18","8","8","10","3","3","14","2148","2228","764","1899",".402","198","595",".333","422","643",".656","455","1187","345","218","126","440","716","S"
"93","Florida Atlantic","31","10","21",".323","-4.63","0.09","5","11","7","10","3","11","2061","2129","728","1715",".424","203","611",".332","402","624",".644","387","1144","374","149","146","402","585","S"
"94","Florida Gulf Coast","33","22","11",".667","-2.25","-6.70","14","4","16","2","6","9","2391","2213","869","1847",".470","192","573",".335","461","681",".677","324","1214","428","193","120","429","591","S"
"95","Florida International","31","15","16",".484","-5.22","-1.39","7","9","10","7","5","9","2128","2170","754","1681",".449","152","481",".316","468","698",".670","358","1118","336","221","130","436","560","S"
"96","Florida State","29","18","11",".621","13.58","7.61","9","8","12","5","6","6","2077","1904","714","1525",".468","154","411",".375","495","684",".724","317","1023","324","174","164","402","531","S"
"97","Florida","30","28","2",".933","20.06","7.23","17","0","18","0","10","2","2132","1747","732","1596",".459","200","567",".353","468","695",".673","367","1084","399","212","87","340","477","S"
"98","Fordham","28","9","19",".321","-3.56","2.94","2","13","7","7","2","12","2013","2195","693","1747",".397","203","645",".315","424","581",".730","393","1024","343","198","114","329","556","S"
"99","Fresno State","30","15","15",".500","4.22","5.29","8","9","11","5","4","10","2212","2148","750","1710",".439","233","646",".361","479","655",".731","286","1033","374","194","128","293","583","S"
"100","Furman","30","9","21",".300","-17.20","-7.17","3","13","6","9","3","12","1955","2196","680","1540",".442","164","492",".333","431","633",".681","270","940","288","147","85","407","509","S"
"101","Gardner-Webb","33","18","15",".545","-7.26","-6.83","10","6","11","6","7","9","2425","2309","848","1895",".447","175","516",".339","554","807",".686","401","1182","498","252","104","405","607","S"
"102","George Mason","29","11","18",".379","3.17","5.38","5","11","7","10","4","8","2018","2082","708","1597",".443","140","401",".349","462","650",".711","316","1005","315","156","100","406","607","S"
"103","George Washington","29","22","7",".759","11.70","4.22","10","5","16","2","6","5","2139","1922","741","1601",".463","165","456",".362","492","749",".657","353","1101","410","205","126","379","527","S"
"104","Georgetown","29","17","12",".586","12.46","8.67","8","9","15","5","2","7","2062","1952","709","1538",".461","153","471",".325","491","681",".721","294","975","387","172","131","339","636","S"
"105","Georgia Southern","32","14","18",".438","-11.22","-8.43","6","10","8","7","6","11","2287","2269","798","1821",".438","235","685",".343","456","692",".659","354","1134","317","230","55","389","558","S"
"106","Georgia State","30","23","7",".767","5.79","-2.89","16","1","13","0","10","7","2349","2070","802","1693",".474","227","589",".385","518","669",".774","249","942","408","237","146","253","523","S"
"107","Georgia Tech","30","14","16",".467","5.14","5.61","5","12","9","9","5","7","2000","2014","725","1676",".433","156","495",".315","394","576",".684","336","1083","397","154","130","369","527","S"
"108","Georgia","29","17","12",".586","7.90","5.31","11","6","14","4","3","8","2007","1932","664","1508",".440","141","407",".346","538","800",".673","349","1089","304","141","142","371","548","S"
"109","Gonzaga","31","25","6",".806","16.14","4.71","15","3","16","1","9","5","2393","2018","853","1716",".497","227","571",".398","460","650",".708","305","1119","463","209","126","345","560","S"
"110","Grambling","26","4","22",".154","-24.19","-8.07","3","14","3","8","1","14","1702","2082","581","1404",".414","165","509",".324","375","565",".664","274","790","275","161","54","388","499","S"
"111","Grand Canyon","28","14","14",".500","-6.05","-2.97","9","6","10","5","4","9","2017","2005","628","1447",".434","190","540",".352","571","770",".742","266","991","353","113","77","352","567","S"
"112","Green Bay","29","24","5",".828","8.87","0.41","14","2","15","3","9","2","2173","1846","768","1608",".478","144","397",".363","493","704",".700","329","1072","450","212","215","360","484","S"
"113","Hampton","29","18","11",".621","-4.82","-8.10","13","4","9","5","9","6","2120","2025","701","1660",".422","158","492",".321","560","856",".654","369","1108","351","224","179","433","675","S"
"114","Hartford","31","16","15",".516","-6.92","-5.73","10","6","9","6","7","9","2029","2066","683","1487",".459","246","655",".376","417","590",".707","214","852","380","175","61","440","603","S"
"115","Harvard","29","25","4",".862","11.19","-1.21","12","1","13","1","12","3","2111","1722","711","1521",".467","166","426",".390","523","724",".722","304","984","412","231","144","335","514","S"
"116","Hawaii","29","19","10",".655","4.71","-0.73","8","7","13","6","6","4","2314","2106","811","1715",".473","167","495",".337","525","727",".722","373","1050","413","177","103","343","566","S"
"117","High Point","30","16","14",".533","-8.73","-5.87","12","4","10","4","6","10","2122","2165","777","1644",".473","175","459",".381","393","535",".735","289","954","437","181","107","361","507","S"
"118","Hofstra","32","10","22",".313","-6.31","-1.84","5","11","8","8","2","14","2184","2327","724","1728",".419","223","664",".336","513","783",".655","402","1156","344","158","105","391","620","S"
"119","Holy Cross","31","19","12",".613","-0.90","-3.19","12","6","9","4","10","8","2097","2026","703","1630",".431","195","556",".351","496","680",".729","309","1025","350","189","119","364","536","S"
"120","Houston Baptist","30","6","24",".200","-16.89","-4.54","2","15","5","9","1","15","2014","2294","709","1670",".425","148","435",".340","448","658",".681","337","1072","371","154","65","468","632","S"
"121","Houston","31","16","15",".516","2.83","4.09","8","10","13","6","3","9","2212","2251","783","1709",".458","196","539",".364","450","669",".673","327","1064","457","171","172","391","564","S"
"122","Howard","31","7","24",".226","-15.98","-5.02","5","11","4","7","3","17","1921","2205","616","1596",".386","168","491",".342","521","766",".680","362","1035","253","195","121","516","683","S"
"123","Idaho State","28","11","17",".393","-5.40","-3.79","8","11","9","4","2","13","1980","1958","668","1487",".449","160","436",".367","484","674",".718","331","970","324","205","75","344","505","S"
"124","Idaho","30","13","17",".433","-5.91","-3.08","6","9","9","6","4","11","2172","2240","745","1669",".446","187","537",".348","495","731",".677","332","1037","342","126","55","349","631","S"
"125","Illinois-Chicago","31","6","25",".194","-6.71","1.09","1","15","4","13","2","12","2071","2248","714","1696",".421","172","525",".328","471","660",".714","336","1054","346","171","55","388","672","S"
"126","Illinois State","31","16","15",".516","1.15","2.08","9","9","13","5","3","10","2135","2146","705","1719",".410","230","722",".319","495","699",".708","300","1064","379","244","143","386","641","S"
"127","Illinois","30","17","13",".567","10.05","8.15","6","11","12","7","5","6","1940","1883","684","1682",".407","181","573",".316","391","540",".724","333","1022","302","183","112","314","516","S"
"128","Incarnate Word","26","20","6",".769","-7.44","-9.65","8","5","14","1","6","5","2157","1879","747","1526",".490","199","510",".390","464","677",".685","287","1036","413","172","106","364","466","S"
"129","Indiana State","31","22","9",".710","3.92","0.54","12","6","13","3","9","6","2214","2095","746","1637",".456","201","576",".349","521","722",".722","275","1031","412","183","113","354","578","S"
"130","Indiana","30","17","13",".567","12.00","6.53","7","10","15","5","2","8","2178","2014","733","1642",".446","163","475",".343","549","757",".725","379","1181","336","184","131","451","546","S"
"131","Iona","29","20","9",".690","5.61","-0.52","17","3","11","2","9","7","2435","2257","832","1720",".484","303","759",".399","468","661",".708","256","968","508","196","110","312","516","S"
"132","Iowa State","29","22","7",".759","18.70","9.53","10","7","15","1","7","6","2391","2125","846","1809",".468","240","705",".340","459","666",".689","300","1132","539","176","85","302","501","S"
"133","Iowa","30","20","10",".667","20.63","7.66","9","8","15","4","5","6","2499","2110","851","1809",".470","175","488",".359","622","851",".731","409","1235","489","218","151","348","546","S"
"134","IPFW","31","22","9",".710","-0.51","-3.62","10","4","14","2","8","7","2376","2191","823","1677",".491","249","631",".395","481","723",".665","323","1047","448","208","81","392","524","S"
"135","IUPUI","31","6","25",".194","-12.97","-0.90","1","13","5","10","1","15","2079","2298","761","1733",".439","137","436",".314","420","563",".746","256","972","326","154","95","338","500","S"
"136","Jackson State","29","11","18",".379","-10.15","-7.49","7","10","6","6","5","12","1903","1980","659","1591",".414","108","378",".286","477","657",".726","349","1027","272","177","89","437","667","S"
"137","Jacksonville State","31","10","21",".323","-11.98","-5.16","4","12","7","6","3","15","2014","2176","685","1633",".419","175","541",".323","469","695",".675","336","950","366","195","110","351","601","S"
"138","Jacksonville","30","12","18",".400","-11.79","-4.79","8","10","10","5","2","13","2231","2385","756","1729",".437","188","553",".340","531","749",".709","362","1027","393","220","105","409","565","S"
"139","James Madison","30","11","19",".367","-7.33","-2.00","6","10","6","7","5","12","1890","2050","627","1528",".410","148","533",".278","486","714",".681","298","1005","265","180","92","369","570","S"
"140","Kansas State","30","20","10",".667","12.93","8.39","10","7","17","1","3","9","2072","1936","725","1676",".433","178","542",".328","444","679",".654","377","1090","463","185","91","370","645","S"
"141","Kansas","30","23","7",".767","22.28","11.88","14","3","17","2","6","5","2381","2069","822","1649",".498","167","478",".349","570","806",".707","353","1146","466","176","172","398","631","S"
"142","Kennesaw State","31","6","25",".194","-16.06","-3.96","3","15","4","11","2","14","2016","2304","708","1676",".422","192","559",".343","408","628",".650","346","1019","344","182","95","494","673","S"
"143","Kent State","31","16","15",".516","-0.86","-1.22","7","11","11","7","5","8","2164","2117","744","1738",".428","226","653",".346","450","643",".700","333","1047","353","192","103","374","650","S"
"144","Kentucky","30","22","8",".733","18.09","7.92","12","5","17","3","5","5","2301","1996","763","1688",".452","150","478",".314","625","909",".688","453","1251","345","142","190","371","562","S"
"145","La Salle","29","14","15",".483","4.29","4.91","6","9","11","7","3","8","1957","1975","673","1642",".410","168","514",".327","443","629",".704","354","1044","362","160","102","345","462","S"
"146","Lafayette","31","11","20",".355","-7.09","-2.82","6","12","6","7","5","13","2212","2315","781","1661",".470","231","580",".398","419","563",".744","264","927","400","162","66","384","555","S"
"147","Lamar","29","4","25",".138","-15.95","-5.32","3","14","3","10","1","15","1939","2247","692","1570",".441","93","294",".316","462","621",".744","261","906","349","156","83","411","534","S"
"148","Lehigh","32","14","18",".438","-6.09","-3.40","7","11","10","6","4","12","2121","2207","758","1756",".432","199","555",".359","406","574",".707","280","1067","416","159","112","384","572","S"
"149","Liberty","32","11","21",".344","-10.30","-7.51","5","11","8","9","3","12","2250","2234","816","1781",".458","180","502",".359","438","622",".704","403","1186","423","150","110","424","564","S"
"150","Lipscomb","30","15","15",".500","-8.25","-5.18","10","8","7","5","8","10","2276","2355","727","1683",".432","275","778",".353","547","800",".684","291","991","416","202","57","376","661","S"
"151","Long Beach State","29","13","16",".448","2.52","4.38","9","6","8","6","5","10","2019","2050","746","1745",".428","175","566",".309","352","532",".662","401","1074","360","175","70","353","522","S"
"152","Long Island University","29","9","20",".310","-13.27","-5.17","4","12","5","7","4","13","2080","2315","707","1653",".428","218","631",".345","448","625",".717","325","1001","407","125","66","371","509","S"
"153","Longwood","32","8","24",".250","-20.25","-5.50","3","13","5","11","3","13","2235","2570","812","1845",".440","180","513",".351","431","591",".729","309","998","430","216","58","408","623","S"
"154","Louisiana-Lafayette","30","19","11",".633","3.23","-0.59","10","7","14","2","5","9","2446","2243","844","1806",".467","207","572",".362","551","812",".679","406","1131","408","224","122","416","629","S"
"155","Louisiana-Monroe","25","9","16",".360","-4.55","1.03","6","11","6","6","3","10","1607","1718","582","1363",".427","131","410",".320","312","495",".630","262","870","315","147","91","336","464","S"
"156","Louisiana State","29","18","11",".621","10.98","6.29","9","8","14","3","4","8","2206","2070","797","1788",".446","192","566",".339","420","618",".680","394","1170","414","231","177","407","545","S"
"157","Louisiana Tech","31","25","6",".806","12.91","-2.26","13","3","15","2","10","4","2521","2019","872","1906",".458","232","722",".321","545","800",".681","398","1224","499","294","163","358","586","S"
"158","Louisville","30","25","5",".833","23.42","3.89","14","3","15","3","10","2","2454","1868","866","1818",".476","241","649",".371","481","734",".655","403","1123","464","297","145","313","602","S"
"159","Loyola (IL)","32","10","22",".313","-4.49","-0.88","4","14","9","6","1","16","2105","2199","744","1609",".462","191","546",".350","426","606",".703","266","973","419","176","82","426","622","S"
"160","Loyola Marymount","31","13","18",".419","0.01","4.31","4","14","9","8","4","10","2271","2383","815","1854",".440","137","461",".297","504","663",".760","366","1039","394","224","114","373","621","S"
"161","Loyola (MD)","30","11","19",".367","-10.13","-2.78","6","12","7","7","4","12","1957","2158","680","1642",".414","145","452",".321","452","678",".667","329","935","336","236","128","357","584","S"
"162","Maine","28","6","22",".214","-16.92","-4.55","4","12","5","9","1","13","2037","2324","742","1657",".448","179","524",".342","374","558",".670","260","932","410","210","64","415","585","S"
"163","Manhattan","29","22","7",".759","5.10","-1.80","15","5","9","3","13","4","2246","2046","728","1623",".449","185","508",".364","605","918",".659","373","1095","389","250","184","414","711","S"
"164","Marist","31","12","19",".387","-4.88","-1.20","9","11","9","7","3","12","2119","2233","709","1736",".408","201","580",".347","500","700",".714","334","1057","342","202","122","384","583","S"
"165","Marquette","30","17","13",".567","11.10","7.27","9","8","12","5","5","8","2155","2040","744","1687",".441","141","449",".314","526","760",".692","363","1100","437","193","95","354","587","S"
"166","Marshall","31","10","21",".323","-3.75","-0.82","4","12","8","9","2","12","2264","2243","792","1824",".434","192","615",".312","488","782",".624","397","1159","387","201","118","402","615","S"
"167","Maryland-Baltimore County","29","9","20",".310","-13.17","-6.31","5","11","8","5","1","15","1912","2099","649","1613",".402","164","546",".300","450","686",".656","332","989","339","236","84","438","689","S"
"168","Maryland-Eastern Shore","29","6","23",".207","-16.81","-6.15","4","12","5","8","1","15","1922","2173","634","1593",".398","170","535",".318","484","674",".718","346","959","327","186","62","364","562","S"
"169","Maryland","30","16","14",".533","11.21","7.88","8","9","13","4","3","10","2130","2030","749","1745",".429","213","620",".344","419","625",".670","369","1139","358","188","130","384","595","S"
"170","Massachusetts-Lowell","28","10","18",".357","-13.36","-4.18","8","8","6","6","4","12","1718","1938","570","1447",".394","192","588",".327","386","548",".704","268","880","335","166","73","378","517","S"
"171","Massachusetts","29","23","6",".793","11.96","5.86","10","5","13","1","10","5","2231","2054","802","1718",".467","160","446",".359","467","692",".675","357","1121","455","192","167","390","567","S"
"172","McNeese State","29","10","19",".345","-12.82","-3.08","8","9","8","3","2","16","1970","2215","686","1743",".394","189","625",".302","409","584",".700","381","1066","349","195","111","378","518","S"
"173","Memphis","30","22","8",".733","13.76","6.28","11","6","16","2","6","6","2363","2123","867","1786",".485","162","480",".338","467","707",".661","375","1131","534","255","144","401","550","S"
"174","Mercer","33","25","8",".758","5.12","-4.68","14","4","17","1","8","7","2627","2196","911","1901",".479","273","700",".390","532","730",".729","377","1250","549","200","139","399","612","S"
"175","Miami (FL)","30","15","15",".500","7.90","6.00","6","11","7","8","8","7","1845","1788","648","1553",".417","171","523",".327","378","557",".679","329","1035","312","151","113","300","480","S"
"176","Miami (OH)","28","12","16",".429","-4.00","0.74","8","9","7","5","5","11","1821","1951","652","1497",".436","134","444",".302","383","509",".752","238","869","353","243","67","383","483","S"
"177","Michigan State","30","23","7",".767","19.70","8.87","12","5","15","4","8","3","2296","1971","820","1733",".473","247","631",".391","409","591",".692","327","1119","517","218","142","345","568","S"
"178","Michigan","29","22","7",".759","19.86","9.38","14","3","13","2","9","5","2180","1876","755","1572",".480","248","620",".400","422","558",".756","257","944","423","148","72","275","423","S"
"179","Middle Tennessee","31","23","8",".742","4.94","-0.75","13","3","14","2","9","6","2208","1943","770","1697",".454","166","490",".339","502","753",".667","377","1136","417","228","146","382","620","S"
"180","Milwaukee","32","19","13",".594","-1.81","-0.85","7","9","9","7","10","6","2270","2267","742","1710",".434","223","689",".324","563","772",".729","310","1073","443","189","80","435","579","S"
"181","Minnesota","30","18","12",".600","12.33","8.91","7","10","14","4","4","8","2150","2036","739","1654",".447","210","605",".347","462","621",".744","333","1045","415","226","129","359","576","S"
"182","Mississippi State","30","13","17",".433","-0.87","2.77","3","14","13","7","0","10","2024","2133","713","1624",".439","138","460",".300","460","695",".662","295","990","362","232","83","415","524","S"
"183","Mississippi Valley State","30","9","21",".300","-19.90","-7.38","5","12","7","4","2","17","2162","2420","762","1802",".423","186","591",".315","452","672",".673","339","1036","332","230","55","434","667","S"
"184","Mississippi","30","17","13",".567","7.97","5.67","8","9","12","5","5","8","2266","2197","766","1829",".419","239","684",".349","495","706",".701","393","1101","382","222","169","346","572","S"
"185","Missouri-Kansas City","28","10","18",".357","-8.45","-1.22","7","8","5","8","5","10","1935","2135","675","1585",".426","150","506",".296","435","682",".638","281","925","315","207","67","376","573","S"
"186","Missouri State","31","20","11",".645","1.37","0.87","9","9","15","3","5","8","2157","2118","722","1660",".435","218","600",".363","495","700",".707","284","1018","378","152","92","341","622","S"
"187","Missouri","30","21","9",".700","11.72","6.59","9","8","17","2","4","7","2220","2066","725","1569",".462","183","513",".357","587","798",".736","340","1124","320","140","100","374","579","S"
"188","Monmouth","32","11","21",".344","-6.74","-2.68","5","15","8","9","3","12","2208","2338","776","1847",".420","177","527",".336","479","749",".640","413","1184","386","222","96","462","698","S"
"189","Montana State","30","14","16",".467","-9.18","-5.04","9","10","9","5","5","11","2050","2081","716","1611",".444","181","508",".356","437","617",".708","261","936","314","201","50","344","550","S"
"190","Montana","28","17","11",".607","-2.54","-4.35","12","7","11","3","6","8","2013","1933","667","1383",".482","217","565",".384","462","627",".737","199","760","325","142","71","279","574","S"
"191","Morehead State","33","20","13",".606","-1.68","-3.26","10","6","10","5","10","8","2536","2406","838","1867",".449","180","608",".296","680","971",".700","467","1269","445","264","100","516","773","S"
"192","Morgan State","28","13","15",".464","-6.04","-4.51","11","5","7","5","6","10","1993","2036","718","1681",".427","126","486",".259","431","711",".606","398","1066","353","178","142","357","580","S"
"193","Mount St. Mary's","30","14","16",".467","-6.55","-3.98","9","7","10","3","4","13","2275","2352","761","1754",".434","270","760",".355","483","650",".743","300","963","356","215","90","359","569","S"
"194","Murray State","29","18","11",".621","-1.46","-4.28","13","3","13","1","5","10","2247","2116","758","1597",".475","212","563",".377","519","788",".659","343","1040","375","166","112","369","554","S"
"195","Navy","30","9","21",".300","-11.43","-4.95","4","14","7","6","2","15","1820","1957","660","1645",".401","201","612",".328","299","471",".635","335","1006","381","195","99","376","566","S"
"196","Nebraska-Omaha","30","16","14",".533","-0.06","-2.06","5","9","10","4","6","10","2405","2243","828","1842",".450","210","607",".346","539","702",".768","313","1024","464","250","82","373","561","S"
"197","Nebraska","29","18","11",".621","10.39","8.28","10","7","14","1","4","10","1933","1872","648","1520",".426","172","512",".336","465","652",".713","259","969","279","200","88","322","586","S"
"198","Nevada-Las Vegas","30","19","11",".633","9.62","2.99","10","7","12","7","7","4","2161","1962","764","1734",".441","173","535",".323","460","701",".656","379","1204","400","151","199","335","472","S"
"199","Nevada","30","14","16",".467","2.49","3.79","9","8","6","9","8","7","2178","2217","749","1717",".436","201","593",".339","479","664",".721","334","1047","322","148","134","318","563","S"
"200","New Hampshire","29","6","23",".207","-13.71","-5.96","4","12","3","11","3","12","1675","1868","564","1507",".374","201","619",".325","346","501",".691","281","1007","283","118","98","382","561","S"
"201","New Mexico State","32","23","9",".719","6.65","-2.41","12","4","15","2","8","7","2487","2156","835","1710",".488","176","478",".368","641","941",".681","385","1198","421","155","207","411","547","S"
"202","New Mexico","29","24","5",".828","13.20","4.54","15","2","13","2","11","3","2188","1937","741","1614",".459","175","506",".346","531","731",".726","315","1114","451","148","153","295","485","S"
"203","New Orleans","25","11","14",".440","-14.12","-5.04","8","9","6","6","5","8","1797","1907","598","1385",".432","134","388",".345","467","691",".676","329","935","300","168","81","422","528","S"
"204","Niagara","32","7","25",".219","-8.03","-1.28","3","17","4","11","3","14","2404","2620","808","1884",".429","158","529",".299","630","924",".682","401","1103","320","228","70","441","760","S"
"205","Nicholls State","26","13","13",".500","-12.33","-7.13","10","7","9","2","4","11","1799","1904","641","1426",".450","156","504",".310","361","564",".640","254","818","346","156","70","317","623","S"
"206","NJIT","29","13","16",".448","-12.38","-7.34","0","0","7","6","6","10","2109","2061","728","1638",".444","216","578",".374","435","603",".721","284","990","394","187","104","379","585","S"
"207","Norfolk State","30","17","13",".567","-7.42","-7.16","11","5","9","5","8","8","2194","2151","785","1686",".466","169","484",".349","455","654",".696","380","1076","423","181","119","403","600","S"
"208","North Carolina-Asheville","31","17","14",".548","-6.71","-5.39","10","6","12","2","5","12","2407","2344","811","1780",".456","214","583",".367","571","770",".742","375","1173","391","201","186","427","593","S"
"209","North Carolina A&T","31","9","22",".290","-16.06","-6.92","5","11","7","5","2","17","2042","2289","611","1575",".388","167","542",".308","653","927",".704","369","1112","291","148","123","473","718","S"
"210","North Carolina Central","30","25","5",".833","3.06","-8.51","16","1","14","0","11","5","2207","1777","747","1623",".460","156","480",".325","557","772",".722","359","1068","443","245","127","350","592","S"
"211","North Carolina-Greensboro","32","14","18",".438","-12.04","-5.84","7","9","10","8","4","10","2267","2373","808","1835",".440","167","488",".342","484","704",".688","336","1172","380","180","75","447","681","S"
"212","North Carolina State","30","18","12",".600","7.90","6.87","8","9","12","6","6","6","2129","2098","793","1736",".457","136","452",".301","407","628",".648","361","1044","381","144","125","324","564","S"
"213","North Carolina-Wilmington","32","9","23",".281","-8.45","-0.48","3","13","6","8","3","15","2018","2221","741","1841",".402","139","509",".273","397","606",".655","390","1148","346","191","129","367","581","S"
"214","North Carolina","30","23","7",".767","15.88","7.58","13","4","16","3","7","4","2286","2037","831","1803",".461","125","371",".337","499","803",".621","433","1217","474","221","146","360","596","S"
"215","North Dakota State","29","23","6",".793","5.90","-0.48","12","2","13","1","10","5","2225","1921","794","1559",".509","155","430",".360","482","646",".746","278","955","348","192","132","293","519","S"
"216","North Dakota","30","15","15",".500","-5.89","-3.03","12","8","11","4","4","11","2226","2219","782","1703",".459","184","555",".332","478","704",".679","325","940","370","257","83","344","612","S"
"217","North Florida","32","16","16",".500","-7.40","-3.20","10","8","9","5","7","11","2318","2377","789","1784",".442","227","633",".359","513","725",".708","383","1183","401","167","126","483","600","S"
"218","North Texas","30","15","15",".500","-3.80","-0.58","6","10","9","7","6","8","2104","2185","736","1741",".423","147","444",".331","485","725",".669","348","1113","306","199","105","385","607","S"
"219","Northeastern","30","10","20",".333","-2.90","-0.03","7","9","4","8","6","12","1945","2031","682","1578",".432","147","457",".322","434","684",".635","336","1041","350","164","105","390","518","S"
"220","Northern Arizona","30","14","16",".467","-6.60","-3.60","11","8","8","4","6","12","2017","2080","729","1609",".453","159","453",".351","400","560",".714","317","983","321","188","117","379","531","S"
"221","Northern Colorado","28","16","12",".571","-3.47","-5.01","10","9","13","2","3","10","2091","1988","758","1542",".492","168","436",".385","407","595",".684","310","915","327","158","63","324","562","S"
"222","Northern Illinois","29","13","16",".448","-3.23","-0.30","7","10","8","7","5","9","1820","1852","589","1506",".391","124","441",".281","518","758",".683","401","1100","245","182","93","426","588","S"
"223","Northern Iowa","31","16","15",".516","5.55","3.11","10","8","11","3","5","12","2256","2149","762","1693",".450","264","732",".361","468","646",".724","272","1022","436","175","90","330","568","S"
"224","Northern Kentucky","30","9","21",".300","-10.37","-4.80","5","13","7","9","2","12","2044","2211","704","1618",".435","228","654",".349","408","578",".706","286","940","334","163","89","348","624","S"
"225","Northwestern State","28","15","13",".536","-3.71","-4.33","11","6","9","3","6","10","2432","2360","876","1859",".471","158","476",".332","522","711",".734","351","1061","472","255","150","386","582","S"
"226","Northwestern","30","12","18",".400","4.28","8.45","5","12","8","10","4","8","1772","1897","602","1537",".392","192","648",".296","376","541",".695","234","990","327","128","112","330","554","S"
"227","Notre Dame","31","15","16",".484","9.05","7.21","6","12","13","7","2","9","2234","2177","815","1782",".457","222","617",".360","382","534",".715","335","1058","469","180","94","325","494","S"
"228","Oakland","33","13","20",".394","-1.70","3.30","7","9","10","7","3","13","2455","2554","821","1890",".434","279","754",".370","534","731",".731","298","1025","522","229","61","367","658","S"
"229","Ohio State","30","22","8",".733","19.00","7.80","9","8","16","3","6","5","2101","1765","721","1601",".450","181","544",".333","478","685",".698","291","1012","359","225","132","331","494","S"
"230","Ohio","30","20","10",".667","3.81","-0.23","10","7","11","6","9","4","2139","1994","757","1660",".456","216","626",".345","409","576",".710","295","1064","438","193","133","380","591","S"
"231","Oklahoma State","30","20","10",".667","20.19","8.06","8","9","14","3","6","7","2420","2056","800","1705",".469","211","574",".368","609","840",".725","294","1072","413","226","149","319","586","S"
"232","Oklahoma","30","22","8",".733","15.67","9.81","11","6","16","3","6","5","2459","2283","821","1827",".449","247","657",".376","570","762",".748","350","1127","426","206","102","345","574","S"
"233","Old Dominion","31","15","16",".484","-1.67","-0.54","9","7","10","8","5","8","1972","2007","706","1648",".428","160","492",".325","400","661",".605","366","1103","331","193","132","417","610","S"
"234","Oral Roberts","30","16","14",".533","-1.72","-3.76","10","7","9","4","7","10","2148","2067","754","1627",".463","139","391",".355","501","689",".727","323","1058","366","158","135","345","590","S"
"235","Oregon State","29","15","14",".517","7.15","6.43","7","10","11","4","4","10","2181","2160","738","1531",".482","162","416",".389","543","777",".699","279","1001","392","143","136","390","545","S"
"236","Oregon","29","21","8",".724","15.96","7.38","9","8","14","3","7","5","2404","2155","802","1716",".467","221","574",".385","579","747",".775","315","1008","430","233","100","336","615","S"
"237","Pacific","30","15","15",".500","2.16","4.68","6","12","8","7","7","8","2176","2238","728","1661",".438","192","531",".362","528","685",".771","335","1041","363","152","57","367","686","S"
"238","Penn State","30","15","15",".500","9.36","7.89","6","11","10","8","5","7","2169","2125","748","1710",".437","189","591",".320","484","655",".739","307","1051","349","134","141","312","628","S"
"239","Pennsylvania","26","7","19",".269","-6.09","0.94","4","8","6","8","1","11","1777","1960","636","1412",".450","129","402",".321","376","559",".673","247","872","378","155","91","422","593","S"
"240","Pepperdine","30","15","15",".500","1.54","3.03","8","10","8","6","7","9","2137","2167","749","1645",".455","188","532",".353","451","642",".702","304","1045","418","145","131","370","565","S"
"241","Pittsburgh","30","22","8",".733","16.90","6.64","10","7","15","5","7","3","2169","1861","741","1613",".459","153","430",".356","534","743",".719","368","1082","471","204","94","316","517","S"
"242","Portland State","28","15","13",".536","-6.37","-5.10","10","9","11","5","4","8","2044","2008","714","1521",".469","175","480",".365","441","605",".729","248","852","373","172","61","319","540","S"
"243","Portland","31","15","16",".484","5.50","2.47","7","11","11","6","4","10","2327","2233","810","1778",".456","191","485",".394","516","702",".735","339","1116","472","184","128","366","620","S"
"244","Prairie View","29","8","21",".276","-17.97","-6.51","6","11","6","6","2","15","2029","2323","702","1698",".413","203","598",".339","422","655",".644","344","988","309","204","66","427","647","S"
"245","Presbyterian","32","6","26",".188","-20.64","-7.44","2","14","5","9","1","17","2092","2445","772","1724",".448","190","538",".353","358","529",".677","244","980","372","141","96","398","494","S"
"246","Princeton","26","18","8",".692","4.26","-2.02","6","6","10","2","8","6","1862","1675","617","1377",".448","250","684",".365","378","523",".723","217","849","379","165","94","292","452","S"
"247","Providence","30","20","10",".667","11.74","7.68","10","7","14","3","6","7","2192","2070","727","1712",".425","189","542",".349","549","698",".787","375","1103","420","171","154","359","519","S"
"248","Purdue","30","15","15",".500","8.86","7.86","5","12","13","5","2","10","2186","2156","777","1809",".430","170","510",".333","462","694",".666","417","1174","392","172","159","365","616","S"
"249","Quinnipiac","29","19","10",".655","0.37","-2.53","14","6","10","3","9","7","2296","2212","756","1802",".420","157","450",".349","627","873",".718","505","1334","370","102","138","360","571","S"
"250","Radford","33","21","12",".636","-7.91","-8.97","10","6","11","4","10","8","2574","2426","915","1916",".478","201","568",".354","543","780",".696","374","1155","428","236","123","365","624","S"
"251","Rhode Island","31","14","17",".452","3.11","3.38","5","12","10","6","4","11","2108","2113","731","1653",".442","148","462",".320","498","756",".659","350","1119","375","152","159","434","626","S"
"252","Rice","29","7","22",".241","-9.14","0.16","2","14","6","10","1","12","1791","2020","618","1528",".404","227","710",".320","328","497",".660","224","933","403","137","56","385","549","S"
"253","Richmond","30","18","12",".600","6.21","4.08","8","7","12","4","6","8","2019","1955","691","1633",".423","190","596",".319","447","666",".671","284","980","316","181","129","314","587","S"
"254","Rider","30","14","16",".467","-3.91","-1.94","9","11","6","7","8","9","2221","2280","716","1639",".437","229","574",".399","560","765",".732","322","1008","361","184","87","397","602","S"
"255","Robert Morris","32","20","12",".625","-2.99","-3.74","14","2","11","2","9","10","2302","2278","794","1812",".438","238","615",".387","476","663",".718","350","1070","403","226","58","362","595","S"
"256","Rutgers","30","11","19",".367","0.73","5.35","5","12","10","9","1","10","2178","2285","765","1772",".432","185","543",".341","463","657",".705","372","1063","387","177","129","365","621","S"
"257","Sacramento State","28","13","15",".464","-8.00","-4.47","9","10","10","3","3","12","1910","1941","675","1473",".458","169","458",".369","391","542",".721","254","872","369","144","39","322","599","S"
"258","Sacred Heart","31","5","26",".161","-12.65","-5.68","2","14","1","10","4","16","2162","2378","758","1836",".413","197","603",".327","449","655",".685","379","1070","388","166","65","378","618","S"
"259","Saint Francis (PA)","30","10","20",".333","-13.08","-5.38","7","9","5","8","5","12","1859","2090","658","1601",".411","212","661",".321","331","520",".637","270","905","353","169","82","321","464","S"
"260","Saint Joseph's","29","21","8",".724","8.94","4.63","11","4","13","3","8","5","2087","1962","723","1529",".473","215","559",".385","426","658",".647","281","1026","410","137","138","361","456","S"
"261","Saint Louis","30","25","5",".833","12.16","3.30","12","3","14","4","11","1","2108","1826","726","1641",".442","172","534",".322","484","681",".711","309","1092","429","225","125","376","519","S"
"262","Saint Mary's (CA)","31","21","10",".677","9.77","4.00","11","7","15","4","6","6","2243","2032","733","1617",".453","222","580",".383","555","776",".715","364","1057","391","175","105","355","592","S"
"263","Saint Peter's","30","14","16",".467","-5.72","-3.49","9","11","8","5","6","11","1903","1970","639","1575",".406","160","509",".314","465","662",".702","323","1026","295","191","132","354","540","S"
"264","Sam Houston State","29","20","9",".690","-5.06","-7.72","12","5","11","1","9","8","2236","2052","741","1592",".465","208","530",".392","546","832",".656","353","1023","457","199","94","377","635","S"
"265","Samford","32","13","19",".406","-14.43","-7.47","6","10","10","4","3","15","2273","2444","826","1741",".474","159","479",".332","462","678",".681","289","1023","440","182","97","406","672","S"
"266","San Diego State","29","26","3",".897","14.88","4.25","15","2","14","1","12","2","2089","1667","720","1634",".441","152","418",".364","497","762",".652","387","1122","297","217","160","296","478","S"
"267","San Diego","31","16","15",".516","3.06","2.96","7","11","10","7","6","8","2078","2002","719","1607",".447","195","516",".378","445","641",".694","305","1034","343","180","120","367","567","S"
"268","San Francisco","30","20","10",".667","6.47","4.62","13","5","13","5","7","5","2260","2147","786","1641",".479","205","555",".369","483","748",".646","335","1064","439","164","78","354","588","S"
"269","San Jose State","29","7","22",".241","-6.83","3.36","1","16","4","8","3","14","1830","2070","592","1564",".379","256","745",".344","390","539",".724","291","1028","322","128","81","390","600","S"
"270","Santa Clara","32","14","18",".438","1.02","3.15","6","12","8","8","6","10","2265","2248","760","1797",".423","241","659",".366","504","689",".731","336","1034","390","194","134","320","640","S"
"271","Savannah State","30","12","18",".400","-9.20","-4.56","10","6","7","5","5","13","1860","1953","655","1558",".420","149","476",".313","401","612",".655","332","997","317","218","148","473","635","S"
"272","Seattle","28","13","15",".464","-4.99","-3.72","5","10","7","7","6","8","2018","1982","719","1681",".428","208","614",".339","372","570",".653","389","1082","376","172","85","387","614","S"
"273","Seton Hall","30","15","15",".500","8.65","5.71","6","11","11","8","4","7","2199","2111","723","1576",".459","230","628",".366","523","726",".720","255","971","410","213","86","371","600","S"
"274","Siena","31","15","16",".484","-2.27","-0.69","11","9","10","4","5","12","2172","2221","749","1787",".419","133","412",".323","541","753",".718","441","1185","423","183","144","438","718","S"
"275","South Alabama","30","10","20",".333","-4.74","0.19","4","13","9","6","1","14","2058","2109","692","1714",".404","230","694",".331","444","646",".687","366","1113","332","147","117","373","600","S"
"276","South Carolina State","29","9","20",".310","-16.81","-5.66","5","11","7","6","2","14","1836","2119","662","1656",".400","144","508",".283","368","562",".655","392","1054","361","161","97","440","552","S"
"277","South Carolina Upstate","33","19","14",".576","-2.00","-4.77","11","7","13","2","6","12","2432","2286","866","1915",".452","207","653",".317","493","731",".674","418","1261","511","223","117","399","601","S"
"278","South Carolina","30","11","19",".367","4.62","6.96","4","13","9","7","2","12","2060","2130","683","1634",".418","165","453",".364","529","750",".705","400","1042","370","189","118","429","688","S"
"279","South Dakota State","29","18","11",".621","0.53","-1.05","10","4","10","3","8","8","2119","2012","702","1563",".449","190","551",".345","525","691",".760","284","1022","382","158","94","338","517","S"
"280","South Dakota","29","12","17",".414","-6.06","-0.18","6","8","10","4","2","13","2029","2081","695","1574",".442","185","523",".354","454","599",".758","257","958","371","158","109","360","506","S"
"281","South Florida","30","12","18",".400","-0.20","5.10","3","14","7","9","5","9","1967","2126","701","1611",".435","93","362",".257","472","706",".669","333","1058","374","166","114","391","529","S"
"282","Southeast Missouri State","32","18","14",".563","-5.43","-6.53","8","8","11","4","7","10","2654","2514","961","1924",".499","218","607",".359","514","743",".692","360","1191","533","228","136","419","641","S"
"283","Southeastern Louisiana","28","11","17",".393","-12.45","-6.56","6","11","8","5","3","12","1950","2039","671","1512",".444","195","532",".367","413","597",".692","241","893","335","126","115","337","554","S"
"284","Southern California","30","11","19",".367","3.35","8.80","2","15","9","10","2","9","2127","2269","754","1707",".442","136","467",".291","483","725",".666","332","1119","387","165","132","425","588","S"
"285","SIU Edwardsville","31","11","20",".355","-10.54","-5.27","7","9","9","6","2","14","2264","2364","806","1715",".470","223","590",".378","429","645",".665","298","963","436","212","94","429","627","S"
"286","Southern Illinois","32","14","18",".438","-0.21","0.40","9","9","10","6","4","12","2149","2146","762","1668",".457","145","437",".332","480","712",".674","360","1068","323","235","69","398","615","S"
"287","Southern Methodist","30","23","7",".767","14.48","4.35","12","5","17","2","6","5","2162","1858","771","1564",".493","135","364",".371","485","710",".683","322","1096","458","222","141","411","587","S"
"288","Southern Mississippi","31","26","5",".839","6.97","-1.24","13","3","14","0","12","5","2252","1933","746","1604",".465","169","478",".354","591","859",".688","390","1100","444","264","66","411","639","S"
"289","Southern Utah","28","2","26",".071","-18.79","-2.38","1","18","2","10","0","16","1658","2094","574","1418",".405","128","389",".329","382","554",".690","226","802","305","124","88","385","661","S"
"290","Southern","30","19","11",".633","-2.38","-7.16","15","2","10","3","9","8","2168","1875","779","1699",".459","183","524",".349","427","681",".627","352","1162","400","185","149","405","643","S"
"291","St. Bonaventure","29","16","13",".552","6.55","1.96","6","9","11","4","5","9","2153","2020","758","1655",".458","138","427",".323","499","699",".714","370","1035","400","199","126","373","594","S"
"292","St. Francis (NY)","32","18","14",".563","-4.36","-5.62","9","7","10","3","8","11","2207","2139","781","1813",".431","195","619",".315","450","659",".683","383","1189","399","181","170","421","639","S"
"293","St. John's (NY)","30","19","11",".633","13.52","7.39","9","8","14","5","5","6","2160","1976","776","1735",".447","136","403",".337","472","661",".714","333","1089","385","198","233","325","553","S"
"294","Stanford","29","18","11",".621","13.97","8.69","9","8","11","4","7","7","2153","2000","738","1603",".460","172","459",".375","505","721",".700","285","1038","351","147","132","323","532","S"
"295","Stephen F. Austin","30","28","2",".933","4.59","-7.81","17","0","14","0","14","2","2286","1879","795","1714",".464","209","601",".348","487","691",".705","390","1009","493","229","93","335","639","S"
"296","Stetson","31","7","24",".226","-15.71","-4.87","5","13","6","7","1","17","1916","2252","683","1628",".420","159","541",".294","391","590",".663","294","926","370","174","116","383","529","S"
"297","Stony Brook","30","21","9",".700","-1.05","-6.09","13","3","12","3","9","6","2162","2000","764","1678",".455","166","458",".362","468","652",".718","342","1101","392","175","87","370","566","S"
"298","Syracuse","30","26","4",".867","16.31","7.51","13","4","16","2","10","2","2044","1780","723","1647",".439","151","446",".339","447","640",".698","390","1049","363","242","147","266","476","S"
"299","Temple","29","8","21",".276","3.24","7.62","3","14","4","10","4","11","2135","2262","769","1802",".427","189","565",".335","408","572",".713","357","1020","385","167","98","301","537","S"
"300","Tennessee-Martin","31","8","23",".258","-13.26","-4.64","3","13","5","10","3","13","2304","2526","792","1870",".424","218","636",".343","502","692",".725","350","982","426","234","82","361","654","S"
"301","Tennessee State","30","5","25",".167","-9.91","-2.09","4","12","3","11","2","14","2061","2265","707","1647",".429","147","502",".293","500","714",".700","344","1007","314","163","84","371","641","S"
"302","Tennessee Tech","33","17","16",".515","-8.16","-4.65","9","7","10","5","7","11","2376","2376","822","1810",".454","185","565",".327","547","808",".677","412","1171","408","245","154","498","729","S"
"303","Tennessee","30","19","11",".633","15.83","6.97","10","7","15","4","4","7","2174","1870","747","1672",".447","178","518",".344","502","704",".713","419","1169","382","157","148","318","516","S"
"304","Texas A&M-Corpus Christi","30","16","14",".533","-5.83","-6.51","13","4","9","7","7","7","2087","2039","739","1580",".468","127","356",".357","482","721",".669","343","1030","368","205","90","369","608","S"
"305","Texas A&M","30","17","13",".567","5.91","3.64","8","9","16","2","1","11","1938","1870","686","1600",".429","169","531",".318","397","625",".635","281","1018","383","196","119","338","529","S"
"306","Texas-Arlington","29","14","15",".483","-4.31","-0.16","9","8","9","5","5","10","2217","2254","746","1695",".440","234","677",".346","491","705",".696","345","1077","354","156","106","403","568","S"
"307","Texas Christian","29","9","20",".310","-0.62","7.92","0","17","6","9","3","11","1838","2074","605","1506",".402","134","418",".321","494","677",".730","240","876","331","166","96","340","510","S"
"308","Texas-El Paso","31","22","9",".710","5.24","0.31","12","4","13","5","9","4","2158","1959","731","1558",".469","138","405",".341","558","814",".686","314","1131","425","158","126","418","574","S"
"309","Texas-Pan American","30","9","21",".300","-9.97","-4.04","5","10","3","9","6","12","1960","2100","703","1715",".410","142","520",".273","412","618",".667","336","1007","375","211","72","374","620","S"
"310","Texas-San Antonio","29","8","21",".276","-10.82","-0.47","4","12","7","9","1","12","1990","2225","629","1493",".421","169","521",".324","563","814",".692","348","1007","305","177","54","457","594","S"
"311","Texas Southern","29","15","14",".517","-8.40","-9.19","11","6","9","2","6","12","2218","2179","738","1597",".462","187","520",".360","555","772",".719","334","1058","418","139","101","389","458","S"
"312","Texas State","30","8","22",".267","-6.50","-0.71","4","13","6","9","2","13","1853","1975","680","1556",".437","140","456",".307","353","533",".662","304","978","334","178","83","412","543","S"
"313","Texas Tech","30","13","17",".433","9.15","8.75","5","12","10","6","3","11","2069","2057","738","1616",".457","137","433",".316","456","625",".730","348","984","350","184","113","357","567","S"
"314","Texas","30","22","8",".733","13.79","9.09","11","6","16","2","6","6","2258","2117","778","1795",".433","153","472",".324","549","818",".671","447","1259","376","176","183","378","578","S"
"315","Toledo","30","25","5",".833","4.12","-1.36","13","4","14","0","11","5","2422","2216","830","1757",".472","165","475",".347","597","817",".731","377","1083","450","206","82","321","523","S"
"316","Towson","31","22","9",".710","1.47","-2.67","13","3","15","1","7","8","2263","2109","745","1652",".451","179","518",".346","594","854",".696","381","1226","316","123","155","357","622","S"
"317","Troy","29","10","19",".345","-5.83","-1.97","5","12","7","7","3","12","1988","2047","656","1567",".419","207","605",".342","469","709",".661","342","1021","323","173","69","376","462","S"
"318","Tulane","31","16","15",".516","-7.78","-1.58","8","8","12","6","4","9","1994","2170","635","1537",".413","182","526",".346","542","776",".698","329","1043","287","147","93","393","578","S"
"319","Tulsa","30","18","12",".600","5.98","0.92","13","3","11","3","7","9","2197","2045","743","1686",".441","178","547",".325","533","788",".676","326","1089","395","209","118","349","651","S"
"320","UCLA","30","23","7",".767","18.86","7.33","12","5","16","2","7","5","2486","2140","885","1805",".490","197","491",".401","519","690",".752","310","1068","525","291","90","313","532","S"
"321","Utah State","30","17","13",".567","6.22","3.40","7","11","13","5","4","8","2103","1990","746","1631",".457","208","511",".407","403","547",".737","327","1102","490","103","113","330","534","S"
"322","Utah Valley","29","19","10",".655","-4.28","-3.36","13","3","13","2","6","8","1945","1879","649","1518",".428","188","548",".343","459","606",".757","275","990","403","148","84","324","489","S"
"323","Utah","29","20","9",".690","14.88","6.03","9","8","18","2","2","7","2255","1859","793","1600",".496","185","528",".350","484","657",".737","268","1046","459","201","142","334","485","S"
"324","Valparaiso","33","18","15",".545","0.51","-0.02","9","7","12","5","6","10","2383","2225","792","1684",".470","228","609",".374","571","777",".735","324","1190","427","185","169","500","695","S"
"325","Vanderbilt","29","15","14",".517","6.48","6.93","7","10","10","6","5","8","1872","1885","644","1492",".432","175","550",".318","409","626",".653","287","1006","375","140","135","384","500","S"
"326","Vermont","30","21","9",".700","5.53","-4.50","15","1","10","2","11","7","2143","1810","717","1521",".471","174","436",".399","535","730",".733","295","1043","392","210","132","365","560","S"
"327","Villanova","30","27","3",".900","20.44","8.27","15","2","14","1","13","2","2373","2008","775","1683",".460","278","767",".362","545","755",".722","341","1118","476","199","124","363","596","S"
"328","Virginia Commonwealth","30","23","7",".767","14.43","4.69","11","4","15","0","8","7","2257","1965","787","1888",".417","221","636",".347","462","686",".673","428","1133","393","340","128","372","591","S"
"329","VMI","30","19","11",".633","-6.70","-7.40","11","5","13","2","6","9","2656","2465","945","2126",".444","273","842",".324","493","702",".702","444","1273","418","224","200","319","563","S"
"330","Virginia Tech","29","9","20",".310","2.36","6.22","2","15","8","10","1","10","1846","1958","627","1541",".407","201","554",".363","391","599",".653","321","1087","319","98","139","378","498","S"
"331","Virginia","30","25","5",".833","18.53","7.10","16","1","15","2","10","3","1986","1643","697","1536",".454","167","448",".373","425","645",".659","329","1082","402","167","116","309","480","S"
"332","Wagner","30","19","11",".633","-3.15","-6.32","12","4","10","2","9","9","2145","2045","750","1788",".419","165","492",".335","480","659",".728","387","1188","347","188","191","386","615","S"
"333","Wake Forest","30","16","14",".533","6.23","6.59","6","11","14","4","2","10","2108","2119","719","1597",".450","147","460",".320","523","809",".646","312","1061","404","168","126","373","584","S"
"334","Washington State","29","9","20",".310","0.91","7.49","2","15","6","8","3","12","1798","1952","612","1523",".402","219","666",".329","355","545",".651","283","946","302","151","84","337","529","S"
"335","Washington","30","16","14",".533","6.90","7.14","8","9","13","4","3","10","2241","2248","790","1753",".451","178","515",".346","483","641",".754","329","1036","405","160","85","345","579","S"
"336","Weber State","27","16","11",".593","-1.15","-4.23","13","6","12","2","4","9","1959","1785","635","1328",".478","187","486",".385","502","689",".729","228","933","351","114","110","338","487","S"
"337","West Virginia","30","16","14",".533","12.77","7.87","8","9","11","6","5","8","2340","2193","797","1807",".441","237","621",".382","509","702",".725","356","1076","393","188","92","286","611","S"
"338","Western Carolina","31","17","14",".548","-6.99","-6.59","10","6","11","2","6","12","2306","2252","791","1860",".425","235","656",".358","489","686",".713","414","1113","390","232","150","385","693","S"
"339","Western Illinois","29","10","19",".345","-6.37","-2.18","4","10","7","5","3","14","1788","1809","648","1416",".458","139","405",".343","353","529",".667","230","889","366","171","83","385","529","S"
"340","Western Kentucky","30","20","10",".667","-0.94","-1.46","12","5","13","4","7","6","2069","2016","687","1662",".413","223","660",".338","470","711",".661","382","1106","340","153","76","406","566","S"
"341","Western Michigan","30","21","9",".700","1.79","-1.70","14","4","13","2","8","7","2158","2021","706","1520",".464","177","536",".330","569","789",".721","292","1037","345","181","102","431","550","S"
"342","Wichita State","32","32","0","1.000","16.30","1.53","18","0","17","0","15","0","2416","1915","794","1733",".458","216","631",".342","612","837",".731","380","1236","436","224","170","338","546","S"
"343","William & Mary","29","18","11",".621","-1.87","-2.26","10","6","10","4","8","7","2121","2076","718","1521",".472","255","647",".394","430","613",".701","228","901","412","164","87","301","472","S"
"344","Winthrop","31","19","12",".613","-6.14","-6.79","10","6","12","3","7","9","2301","2200","773","1734",".446","258","649",".398","497","694",".716","315","1015","362","201","86","394","611","S"
"345","Wisconsin","30","25","5",".833","19.28","9.71","12","5","14","3","11","2","2201","1914","723","1584",".456","230","624",".369","525","697",".753","263","992","357","155","101","242","441","S"
"346","Wofford","29","17","12",".586","-4.78","-6.01","11","5","9","4","8","8","1970","1836","717","1595",".450","172","469",".367","364","538",".677","315","966","379","192","46","326","514","S"
"347","Wright State","32","19","13",".594","0.31","-2.72","10","6","13","2","6","11","2161","1987","727","1603",".454","194","545",".356","513","695",".738","239","945","428","236","94","432","635","S"
"348","Wyoming","30","17","13",".567","5.54","2.82","8","9","13","4","4","9","1937","1830","656","1374",".477","168","470",".357","457","637",".717","152","863","373","141","111","313","496","S"
"349","Xavier","31","20","11",".645","13.23","8.52","10","8","15","2","5","9","2237","2091","790","1681",".470","163","455",".358","494","719",".687","346","1129","466","185","95","394","617","S"
"350","Yale","27","15","12",".556","-1.66","-0.96","9","4","8","3","7","9","1804","1783","580","1385",".419","136","426",".319","508","731",".695","318","948","310","166","115","351","535","S"
"351","Youngstown State","32","15","17",".469","-1.80","-0.77","6","10","11","4","4","13","2461","2370","836","1822",".459","249","712",".350","540","735",".735","297","1065","499","213","86","357","607","S"
